{
    "header":
    {
	"last":"helloworld.py","version":1,"precision":
	{
	    "XAXIS":0, "COMMAND":0, "ID":0, "HARD_STOP1":6, "HARD_STOP2":6, "TH_L_GAIN":3, "HOME":6, "ARG":6, "TURNS":0, "STATUS":0, "FPOS":6, "ENR":9, "KP":0, "KV":9, "LI":0, "FRP":0, "FRN":0}
    },
    "benches":
    [
	{
	    "name":"9N", "axes":
	    [
		{"name":"TH_L_FAKE","XAXIS":1.0, "COMMAND":0.0, "ID":66.0, "HARD_STOP1":-0.23388671875, "HARD_STOP2":0.4161132574081421, "TH_L_GAIN":2.0, "HOME":-0.0, "ARG":-0.07940000295639038, "TURNS":0.0, "STATUS":0.0, "FPOS":-0.07928466796875, "ENR":6.103515625e-05, "KP":100.0, "KV":0.10000000149011612, "LI":100.0, "FRP":50.0, "FRN":50.0, "nothing":0},
		{"name":"TH_S_FAKE","XAXIS":0.0, "COMMAND":0.0, "ID":67.0, "HARD_STOP1":-0.23388671875, "HARD_STOP2":0.4161132574081421, "TH_L_GAIN":2.0, "HOME":-0.0, "ARG":-0.07940000295639038, "TURNS":0.0, "STATUS":0.0, "FPOS":-0.07928466796875, "ENR":6.103515625e-05, "KP":100.0, "KV":0.10000000149011612, "LI":100.0, "FRP":50.0, "FRN":50.0, "nothing":0},
		{"name":"FAKE","XAXIS":0.0, "COMMAND":0.0, "ID":67.0, "HARD_STOP1":-0.23388671875, "HARD_STOP2":0.4161132574081421, "TH_L_GAIN":2.0, "HOME":-0.0, "ARG":-0.07940000295639038, "TURNS":0.0, "STATUS":0.0, "FPOS":-0.07928466796875, "ENR":6.103515625e-05, "KP":100.0, "KV":0.10000000149011612, "LI":100.0, "FRP":50.0, "FRN":50.0, "nothing":0}
	    ]
	}
    ]
}
